family,dataset,exp_type,n_models,mean_accuracy,std_accuracy,mean_conf_correct,std_conf_correct,mean_conf_incorrect,std_conf_incorrect,mean_conf_gap,std_conf_gap
Gemma,gsm8k,cot_exp,4,0.80025,0.12121434183571954,0.9644175606466203,0.03287461202284117,0.7561666834049054,0.07930859271755017,0.20825087724171487,0.050499310895236085
Llama,gsm8k,cot_exp,6,0.7723333333333334,0.18228512464451585,0.46262318937567076,0.13766745366053698,0.31839716537891133,0.14127227007824228,0.14422602399675952,0.09730306172238047
OLMo,gsm8k,cot_exp,4,0.8935,0.036464594700430564,0.9399986485612886,0.059476666303986465,0.7657439068284368,0.10917136963569823,0.17425474173285163,0.05491712186206799
Qwen,gsm8k,cot_exp,8,0.80125,0.20998554372010608,0.9658042480925626,0.044227107599950966,0.822051812436691,0.0751688052082912,0.14375243565587165,0.08949316174718935
