family,dataset,exp_type,n_models,mean_accuracy,std_accuracy,mean_conf_correct,std_conf_correct,mean_conf_incorrect,std_conf_incorrect,mean_conf_gap,std_conf_gap
Gemma,gsm8k,zs_exp,4,0.7929999999999999,0.12964824205004352,0.9661109324628703,0.029336956270606354,0.8160899633288416,0.1024655368613829,0.15002096913402865,0.07418959670852579
Llama,gsm8k,zs_exp,6,0.7693333333333333,0.17637535731123744,0.5120559153374417,0.33059155794272177,0.39281775052432594,0.23826623810793676,0.11923816481311572,0.13075243312133794
OLMo,gsm8k,zs_exp,4,0.8935,0.03722454387452812,0.8139616157977527,0.15781414833314897,0.6197538191254739,0.19756558995214069,0.1942077966722788,0.041315904519179776
Qwen,gsm8k,zs_exp,8,0.8086249999999999,0.2056237461967854,0.9300410144234632,0.04761091473836562,0.7490872432290948,0.11774830085839688,0.18095377119436834,0.10471089425683369
