family,dataset,exp_type,n_models,mean_accuracy,std_accuracy,mean_conf_correct,std_conf_correct,mean_conf_incorrect,std_conf_incorrect,mean_conf_gap,std_conf_gap
Gemma,mmlu,cot_exp,4,0.43975,0.3497497915176886,0.93834000281362,0.0577563564758831,0.8613922678155508,0.06614635945557543,0.07694773499806909,0.013706337730942698
Llama,mmlu,cot_exp,6,0.5548333333333333,0.15025234329842133,0.4215430903799687,0.16845884663109928,0.2761038763326915,0.20772465734679063,0.14543921404727722,0.12324585708297477
OLMo,mmlu,cot_exp,4,0.61375,0.01855397531527949,0.8836309355457117,0.05883727212206729,0.7417676087225546,0.09375376897965351,0.14186332682315697,0.03633873166239839
Qwen,mmlu,cot_exp,6,0.6656666666666667,0.09909120378049034,0.9211233942209357,0.07274650799049374,0.7930159303030283,0.10957393997640712,0.1281074639179073,0.04262756307506403
