family,dataset,exp_type,n_models,mean_accuracy,std_accuracy,mean_conf_correct,std_conf_correct,mean_conf_incorrect,std_conf_incorrect,mean_conf_gap,std_conf_gap
Gemma,simpleqa,cot_exp,2,0.0385,0.024748737341529162,0.7435423653285829,0.015714320237893393,0.6477592554210221,0.11928303866935981,0.09578310990756078,0.1349973589072532
Llama,simpleqa,cot_exp,3,0.030666666666666665,0.013868429375143146,0.3415025961853136,0.16728743001195526,0.23812867415471176,0.20011911857947481,0.10337392203060188,0.12046849697251352
OLMo,simpleqa,cot_exp,2,0.056999999999999995,0.008485281374238573,0.8076329506337403,0.12567009223385267,0.735453206736248,0.09187049998895888,0.07217974389749227,0.0337995922448938
Qwen,simpleqa,cot_exp,3,0.044333333333333336,0.02122105872319601,0.8199156960455364,0.1378937727179844,0.7422207754614266,0.1697413435592257,0.0776949205841098,0.032894867179761034
