family,dataset,exp_type,n_models,mean_accuracy,std_accuracy,mean_conf_correct,std_conf_correct,mean_conf_incorrect,std_conf_incorrect,mean_conf_gap,std_conf_gap
Gemma,mmlu,zs_exp,4,0.437,0.3412711531905385,0.9790530782091067,0.004225151661418158,0.9224711681215394,0.025136484583458553,0.056581910087567244,0.022277034639534045
Llama,mmlu,zs_exp,6,0.5598333333333334,0.16014920126765123,0.5181028169441314,0.2600933968566484,0.35479357862879746,0.21524190199445156,0.16330923831533392,0.13300434589416232
OLMo,mmlu,zs_exp,4,0.61275,0.029680240340446508,0.8090286438303349,0.06931424745446034,0.6332370584685556,0.10854899131904887,0.17579158536177933,0.04489726163447198
Qwen,mmlu,zs_exp,6,0.6761666666666667,0.1087812790266168,0.7965321290294956,0.15731099924559352,0.5379618541765409,0.18514502241604724,0.25857027485295464,0.03497259376912311
