family,dataset,exp_type,n_models,mean_accuracy,std_accuracy,mean_conf_correct,std_conf_correct,mean_conf_incorrect,std_conf_incorrect,mean_conf_gap,std_conf_gap
Gemma,medmcqa,cot_exp,4,0.34975,0.1932793746540656,0.9295579252165763,0.0653669603367252,0.8728806314057278,0.09998179907603395,0.05667729381084857,0.03558949532347307
Llama,medmcqa,cot_exp,6,0.5951666666666667,0.1550514968217549,0.422006714490055,0.2427529147180296,0.2976699008680255,0.25953443416672084,0.12433681362202949,0.1287854947591328
OLMo,medmcqa,cot_exp,4,0.4885,0.06661581393833348,0.8479028824337821,0.044845835398479125,0.7437361252424859,0.041726201316690505,0.1041667571912962,0.02451926349000917
Qwen,medmcqa,cot_exp,6,0.4543333333333333,0.27582143982414903,0.8468148373051658,0.17109693413062205,0.7759971004283904,0.19993268495007055,0.07081773687677538,0.038484876666082954
