family,dataset,exp_type,n_models,mean_accuracy,std_accuracy,mean_conf_correct,std_conf_correct,mean_conf_incorrect,std_conf_incorrect,mean_conf_gap,std_conf_gap
Gemma,simpleqa,zs_exp,2,0.0495,0.006363961030678929,0.8841236049836665,0.11680374310409729,0.8002415748321469,0.12606384045967717,0.08388203015151968,0.009260097355579876
Llama,simpleqa,zs_exp,3,0.029666666666666664,0.012220201853215571,0.41144420244224267,0.23455625950081352,0.3475124024090012,0.26457675805750486,0.06393180003324148,0.03431407088924325
OLMo,simpleqa,zs_exp,2,0.05,0.002828427124746188,0.7540079789848486,0.11143963234329315,0.708199608661373,0.16330895615823865,0.04580837032347557,0.051869323814945495
Qwen,simpleqa,zs_exp,3,0.03966666666666666,0.01656301099840646,0.7214099635387167,0.05210030015855726,0.515940530335122,0.07271361198273962,0.20546943320359465,0.039568250846678046
